{"$schema":"http://schema.management.azure.com/schemas/2015-01-01/deploymentTemplate.json#","contentVersion":"1.0.0.0","parameters":{"factoryName":{"type":"string","metadata":"Data Factory name"},"LocalOrclDBLinkedServices":{"type":"string"},"OdbcSnowflakeLinedService":{"type":"string"}},"variables":{"factoryId":"[concat('Microsoft.DataFactory/factories/', parameters('factoryName'))]"},"resources":[{"name":"[concat(parameters('factoryName'), '/copydatafromoracltosfpipeline')]","type":"Microsoft.DataFactory/factories/pipelines","apiVersion":"2018-06-01","properties":{"activities":[{"name":"OracletoSFMigration","type":"Copy","dependsOn":[],"policy":{"timeout":"7.00:00:00","retry":0,"retryIntervalInSeconds":30,"secureOutput":false,"secureInput":false},"userProperties":[],"typeProperties":{"source":{"type":"OracleSource","partitionOption":"None","queryTimeout":"02:00:00"},"sink":{"type":"OdbcSink","writeBatchSize":0},"enableStaging":false,"translator":{"type":"TabularTranslator","mappings":[{"source":{"name":"MESSAGAE","type":"String"},"sink":{"name":"MESSAGE","type":"String"}}]}},"inputs":[{"referenceName":"OracleTable1","type":"DatasetReference","parameters":{}}],"outputs":[{"referenceName":"OdbcTable1","type":"DatasetReference","parameters":{}}]}],"annotations":[]},"dependsOn":["[concat(variables('factoryId'), '/datasets/OracleTable1')]","[concat(variables('factoryId'), '/datasets/OdbcTable1')]"]},{"name":"[concat(parameters('factoryName'), '/OracleTable1')]","type":"Microsoft.DataFactory/factories/datasets","apiVersion":"2018-06-01","properties":{"linkedServiceName":{"referenceName":"[parameters('LocalOrclDBLinkedServices')]","type":"LinkedServiceReference"},"annotations":[],"type":"OracleTable","schema":[],"typeProperties":{"schema":"PDBADMIN","table":"PDB_19C"}},"dependsOn":[]},{"name":"[concat(parameters('factoryName'), '/OdbcTable1')]","type":"Microsoft.DataFactory/factories/datasets","apiVersion":"2018-06-01","properties":{"linkedServiceName":{"referenceName":"[parameters('OdbcSnowflakeLinedService')]","type":"LinkedServiceReference"},"annotations":[],"type":"OdbcTable","schema":[],"typeProperties":{"tableName":"\"PUBLIC\".\"PDB_19C\""}},"dependsOn":[]}]}